{"cameraMode":{"drawMode":0,"name":"Shaded","section":"Shading Mode"},"sceneLighting":false,"audioPlay":false,"sceneViewState":{"showFog":true,"showMaterialUpdate":false,"showSkybox":false,"showFlares":true,"showImageEffects":true,"showParticleSystems":true},"in2DMode":false,"pivot":{"x":-0.1657518744468689,"y":0.10608148574829102,"z":0.34570521116256716},"rotation":{"x":0.02111729606986046,"y":0.8092666864395142,"z":-0.5863381028175354,"w":0.029146254062652589},"size":2.6457231044769289,"orthographic":false}