{"cameraMode":{"drawMode":0,"name":"Shaded","section":"Shading Mode"},"sceneLighting":false,"audioPlay":false,"sceneViewState":{"showFog":true,"showMaterialUpdate":false,"showSkybox":false,"showFlares":true,"showImageEffects":true,"showParticleSystems":true},"in2DMode":false,"pivot":{"x":341.4842834472656,"y":-52.69581604003906,"z":65.87356567382813},"rotation":{"x":0.1083538681268692,"y":-0.07746072858572006,"z":0.008467886596918106,"w":0.991070568561554},"size":420.5244445800781,"orthographic":false}